{
    "best_params": {
        "n_estimators": 441,
        "max_depth": 8,
        "learning_rate": 0.017627991932548465,
        "subsample": 0.9708130364360296,
        "colsample_bytree": 0.6512724702232536
    },
    "best_cv_rmse": 0.7188074887098738,
    "test_rmse": 0.7095119766792629,
    "n_trials": 50
}