{
    "best_params": {
        "n_estimators": 315,
        "max_depth": 5,
        "learning_rate": 0.05078600683309454,
        "subsample": 0.9595442357316278,
        "colsample_bytree": 0.8602141649304383
    },
    "best_cv_rmse": 1.2692022157016958,
    "test_rmse": 1.1293746289330842,
    "n_trials": 50
}