{
    "LinearRegression": {
        "model": "Linear Regression",
        "RMSE": 1.0805338955471229,
        "MAE": 0.81664148078449,
        "R2": 0.988798463592207
    },
    "RandomForest": {
        "model": "Random Forest",
        "RMSE": 1.032758085507842,
        "MAE": 0.4490551948051988,
        "R2": 0.9897671169076505
    },
    "XGBoost": {
        "model": "XGBoost",
        "RMSE": 0.697654475579328,
        "MAE": 0.38298435842836054,
        "R2": 0.9953303796361287
    },
    "TabNet": {
        "model": "TabNet",
        "RMSE": 26.015839463781624,
        "MAE": 23.304216846817887,
        "R2": -5.493464834719462
    },
    "TunedXGBoost": {
        "model": "Tuned XGBoost",
        "RMSE": 0.7095119766792629,
        "best_params": {
            "n_estimators": 441,
            "max_depth": 8,
            "learning_rate": 0.017627991932548465,
            "subsample": 0.9708130364360296,
            "colsample_bytree": 0.6512724702232536
        }
    }
}