{
    "LinearRegression": {
        "model": "Linear Regression",
        "RMSE": 91.13076125742495,
        "MAE": 52.63158317073499,
        "R2": 0.1701069202532478
    },
    "RandomForest": {
        "model": "Random Forest",
        "RMSE": 63.510625521181225,
        "MAE": 29.88948568533063,
        "R2": 0.5969258682490672
    },
    "XGBoost": {
        "model": "XGBoost",
        "RMSE": 73.89011121358696,
        "MAE": 37.82294464111328,
        "R2": 0.45441192388534546
    },
    "TabNet": {
        "model": "TabNet",
        "RMSE": 88.90816397324686,
        "MAE": 48.24059295654297,
        "R2": 0.21009385585784912
    },
    "TunedXGBoost": {
        "model": "Tuned XGBoost",
        "RMSE": 62.24863122867642,
        "best_params": {
            "n_estimators": 394,
            "max_depth": 10,
            "learning_rate": 0.06941387831843578,
            "subsample": 0.9385059823307755,
            "colsample_bytree": 0.848850961259567
        }
    }
}