{
    "LinearRegression": {
        "model": "Linear Regression",
        "RMSE": 91.13076125742495,
        "MAE": 52.63158317073499,
        "R2": 0.1701069202532478
    },
    "RandomForest": {
        "model": "Random Forest",
        "RMSE": 63.510625521181225,
        "MAE": 29.88948568533063,
        "R2": 0.5969258682490672
    },
    "XGBoost": {
        "model": "XGBoost",
        "RMSE": 74.03502918804719,
        "MAE": 37.90397644042969,
        "R2": 0.4522697925567627
    },
    "TabNet": {
        "model": "TabNet",
        "RMSE": 87.98851909304702,
        "MAE": 46.951576232910156,
        "R2": 0.2263505458831787
    },
    "TunedXGBoost": {
        "model": "Tuned XGBoost",
        "RMSE": 63.689171347058675,
        "best_params": {
            "n_estimators": 447,
            "max_depth": 10,
            "learning_rate": 0.11579649478785112,
            "subsample": 0.6041393755876386,
            "colsample_bytree": 0.6024173123555736
        }
    }
}