{
    "EnergyEfficiency": {
        "LinearRegression": {
            "model": "Linear Regression",
            "RMSE": 1.0805338955471229,
            "MAE": 0.81664148078449,
            "R2": 0.988798463592207
        },
        "RandomForest": {
            "model": "Random Forest",
            "RMSE": 1.0327580855078418,
            "MAE": 0.4490551948051984,
            "R2": 0.9897671169076505
        },
        "XGBoost": {
            "model": "XGBoost",
            "RMSE": 0.697654475579328,
            "MAE": 0.38298435842836054,
            "R2": 0.9953303796361287
        },
        "TabNet": {
            "model": "TabNet",
            "RMSE": 26.015839463781624,
            "MAE": 23.304216846817887,
            "R2": -5.493464834719462
        },
        "TunedXGBoost": {
            "model": "Tuned XGBoost",
            "RMSE": 0.7095119766792629,
            "best_params": {
                "n_estimators": 441,
                "max_depth": 8,
                "learning_rate": 0.017627991932548465,
                "subsample": 0.9708130364360296,
                "colsample_bytree": 0.6512724702232536
            }
        }
    },
    "EnergyAppliances": {
        "LinearRegression": {
            "model": "Linear Regression",
            "RMSE": 91.13076125742495,
            "MAE": 52.63158317073499,
            "R2": 0.1701069202532478
        },
        "RandomForest": {
            "model": "Random Forest",
            "RMSE": 63.510625521181225,
            "MAE": 29.88948568533063,
            "R2": 0.5969258682490672
        },
        "XGBoost": {
            "model": "XGBoost",
            "RMSE": 74.03502918804719,
            "MAE": 37.90397644042969,
            "R2": 0.4522697925567627
        },
        "TabNet": {
            "model": "TabNet",
            "RMSE": 87.98851909304702,
            "MAE": 46.951576232910156,
            "R2": 0.2263505458831787
        },
        "TunedXGBoost": {
            "model": "Tuned XGBoost",
            "RMSE": 63.689171347058675,
            "best_params": {
                "n_estimators": 447,
                "max_depth": 10,
                "learning_rate": 0.11579649478785112,
                "subsample": 0.6041393755876386,
                "colsample_bytree": 0.6024173123555736
            }
        }
    }
}