{
    "best_params": {
        "n_estimators": 394,
        "max_depth": 10,
        "learning_rate": 0.06941387831843578,
        "subsample": 0.9385059823307755,
        "colsample_bytree": 0.848850961259567
    },
    "best_cv_rmse": 69.40443843313444,
    "test_rmse": 62.24863122867642,
    "n_trials": 50
}