{
    "best_params": {
        "n_estimators": 447,
        "max_depth": 10,
        "learning_rate": 0.11579649478785112,
        "subsample": 0.6041393755876386,
        "colsample_bytree": 0.6024173123555736
    },
    "best_cv_rmse": 68.9730897479227,
    "test_rmse": 63.689171347058675,
    "n_trials": 50
}